<?xml version="1.0" encoding="UTF-8"?>
<project-private xmlns="http://www.netbeans.org/ns/project-private/1">
    <editor-bookmarks xmlns="http://www.netbeans.org/ns/editor-bookmarks/2" lastBookmarkId="0"/>
    <open-files xmlns="http://www.netbeans.org/ns/projectui-open-files/2">
        <group>
            <file>file:/C:/Users/Student/Documents/NetBeansProjects/ByteStreams2/src/bytestreams2/RedShapeDecorator.java</file>
            <file>file:/C:/Users/Student/Documents/NetBeansProjects/ByteStreams2/src/bytestreams2/ShapeDecorator.java</file>
            <file>file:/C:/Users/Student/Documents/NetBeansProjects/ByteStreams2/src/bytestreams2/Shape.java</file>
            <file>file:/C:/Users/Student/Documents/NetBeansProjects/ByteStreams2/src/bytestreams2/Rectangle.java</file>
            <file>file:/C:/Users/Student/Documents/NetBeansProjects/ByteStreams2/src/bytestreams2/LAB4.java</file>
            <file>file:/C:/Users/Student/Documents/NetBeansProjects/ByteStreams2/src/bytestreams2/LAB1.java</file>
            <file>file:/C:/Users/Student/Documents/NetBeansProjects/ByteStreams2/src/bytestreams2/LAB2.java</file>
            <file>file:/C:/Users/Student/Documents/NetBeansProjects/ByteStreams2/src/bytestreams2/LAB3.java</file>
            <file>file:/C:/Users/Student/Documents/NetBeansProjects/ByteStreams2/src/bytestreams2/Circle.java</file>
        </group>
    </open-files>
</project-private>
